"Name","Length","SHA256","Path"
"BOUNDARY.md","1426","FD3EFB47783F768157742E2BB69F1BB85DBB5FA9884D0C21BCC2E1CD73FC7073","C:\Users\Michael\dev\GalacticGunners\_EXTERNAL_GalacticGunners\_GalacticGunners_MAIN_POST_BOX\_WORK_00000001_POST_BOX\BOUNDARY.md"
"GALACTIC_GUNNERS_DEVTEAM_HANDOFF_IN_004_REV5_PACK.zip","10260640","B89A5E14BC7E3D5965D5407BD44D6ABC06FE862783D5A01063C3B869719DE16F","C:\Users\Michael\dev\GalacticGunners\_EXTERNAL_GalacticGunners\_GalacticGunners_MAIN_POST_BOX\_WORK_00000001_POST_BOX\GALACTIC_GUNNERS_DEVTEAM_HANDOFF_IN_004_REV5_PACK.zip"
"gg_hero_image_player_fighting_v002_2x_poster_master.png","8431320","EC60E853BA5513727EA50F943A6DC88AB81FE7FF04B4B2E14D2129D96B54C02D","C:\Users\Michael\dev\GalacticGunners\_EXTERNAL_GalacticGunners\_GalacticGunners_MAIN_POST_BOX\_WORK_00000001_POST_BOX\gg_hero_image_player_fighting_v002_2x_poster_master.png"
"gg_hero_image_player_fighting_v002_4k_uhd_master.png","10422706","054D150DA322ACCDA4256306DB40B30CC0A098D7B307702C5CCFFA6148A5CE8F","C:\Users\Michael\dev\GalacticGunners\_EXTERNAL_GalacticGunners\_GalacticGunners_MAIN_POST_BOX\_WORK_00000001_POST_BOX\gg_hero_image_player_fighting_v002_4k_uhd_master.png"
"gg_pause_screen_v2.1_2x_poster_master.png","7922883","6A8289A84D260A1CEEF218DD79850B07718E4971BB2169226B339A83E6C132F1","C:\Users\Michael\dev\GalacticGunners\_EXTERNAL_GalacticGunners\_GalacticGunners_MAIN_POST_BOX\_WORK_00000001_POST_BOX\gg_pause_screen_v2.1_2x_poster_master.png"
"gg_pause_screen_v2.1_4k_uhd_master.png","9834145","751008091C1144B657A54EE3B8EBD47C9B3823EFFB679420D5F96E39E7438937","C:\Users\Michael\dev\GalacticGunners\_EXTERNAL_GalacticGunners\_GalacticGunners_MAIN_POST_BOX\_WORK_00000001_POST_BOX\gg_pause_screen_v2.1_4k_uhd_master.png"
"gg_victory_scene_aliens_v001_2x_poster_master.png","8046278","234C78B089EC8AF9AC0C0AC528FA6857D5426AA5BCF8B69834D999F1473672B6","C:\Users\Michael\dev\GalacticGunners\_EXTERNAL_GalacticGunners\_GalacticGunners_MAIN_POST_BOX\_WORK_00000001_POST_BOX\gg_victory_scene_aliens_v001_2x_poster_master.png"
"gg_victory_scene_aliens_v001_4k_uhd_master.png","9935743","D574DCAB776EF5481F7545F1A055DCA2205F18C92F414C622DA156F3D6CF6AAD","C:\Users\Michael\dev\GalacticGunners\_EXTERNAL_GalacticGunners\_GalacticGunners_MAIN_POST_BOX\_WORK_00000001_POST_BOX\gg_victory_scene_aliens_v001_4k_uhd_master.png"
"gg_victory_scene_player_v001_2x_poster_master.png","7754448","5A9D1B7DF0639CF50CEBB2C3B5C2B5CF2DADAA250F6E81E3C5D8B6462BE816E4","C:\Users\Michael\dev\GalacticGunners\_EXTERNAL_GalacticGunners\_GalacticGunners_MAIN_POST_BOX\_WORK_00000001_POST_BOX\gg_victory_scene_player_v001_2x_poster_master.png"
"gg_victory_scene_player_v001_4k_uhd_master.png","9556721","1A757E1E074DF99A6843AC3BFEB7AA5340403398B3C45F9A75E950C760026EC7","C:\Users\Michael\dev\GalacticGunners\_EXTERNAL_GalacticGunners\_GalacticGunners_MAIN_POST_BOX\_WORK_00000001_POST_BOX\gg_victory_scene_player_v001_4k_uhd_master.png"
"README.md","268","1742C52CAC42B755573123DF4E9879FC3FDA3B43B970829B35C97B653FEDAF8F","C:\Users\Michael\dev\GalacticGunners\_EXTERNAL_GalacticGunners\_GalacticGunners_MAIN_POST_BOX\_WORK_00000001_POST_BOX\README.md"
