id,area,requirement,positive_proof,negative_or_hostile_proof,minimum_layers
H015-EVID-001,Evidence,"All four recovery transports are received, hash-verified and read before mutation","Exact filenames and SHA-256 values match the delivery register","Missing or altered transport fails intake closed","PROCESS"
H015-EVID-002,Evidence,"Every closure claim identifies one full exact tested SHA","Manifest, runtime, CI and evidence record the same 40-character SHA","Missing, shortened, alias or different SHA fails closure","CI,E2E"
H015-EVID-003,Evidence,"Every catalogue row maps to implementation, tests and evidence","Machine-readable traceability validates all 50 unique IDs","Missing, duplicate or manually overridden row fails audit","CI"
H015-EVID-004,Evidence,"Distinct journeys have distinct action traces and evidence","Required captures and traces exist with purpose-specific hashes","Duplicate screenshots or generic observations fail","E2E,CI"
H015-EVID-005,Evidence,"CI retains exact-SHA browser evidence and closure attestation","Downloadable artifacts contain manifest, traces, logs and checksums","Absent or unverifiable artifacts fail closure","CI"
H015-EVID-006,Evidence,"Ordinary acceptance is separated from QA diagnostics","Every test is classified and ordinary gates use ordinary interaction","Force hooks or direct state mutation cannot satisfy ordinary gates","CI,E2E"
H015-ENTRY-001,Entry,"Customer journey starts at root and Play enters the game","Real browser follows / to Play to splash to Phaser Main Menu","Direct /play navigation alone cannot pass","COMPONENT,E2E"
H015-ENTRY-002,Entry,"Approved splash image is visible for two seconds","Clock-bounded assertion proves image and duration","Missing image, premature dismissal and excessive duration fail","UNIT,COMPONENT,E2E"
H015-ENTRY-003,Entry,"Splash displays exact approved copyright and collaborator copy","Rendered text matches the governed string exactly","Misspelling, omission or unapproved substitution fails","COMPONENT,E2E"
H015-ENTRY-004,Entry,"Keyboard focus returns to a usable Main Menu action","Focused element is visible and operable after splash","Lost, hidden or body-only focus fails","COMPONENT,E2E"
H015-ENTRY-005,Entry,"Splash does not replay during ordinary internal navigation","Navigate away and back without another splash","New independent game entry remains capable of showing splash","E2E"
H015-GAME-001,Gameplay,"Pause freezes the complete simulation","Entity positions, timers, hazards and score remain unchanged while paused","Background simulation or input mutation during pause fails","UNIT,E2E"
H015-GAME-002,Gameplay,"Pause provides Resume, Restart and Main Menu for keyboard, touch and controller","Each input route performs the selected action exactly once","Hidden, duplicate or unintended action fails","COMPONENT,E2E"
H015-GAME-003,Gameplay,"Results information is readable above and unobscured by the panel","Visual and DOM/canvas assertions prove all governed result values","Overlap, clipping or absent values fail","COMPONENT,E2E"
H015-GAME-004,Gameplay,"Continue exists only when the pinned release has a next entry","Six- and seven-level releases resolve ordered next entries","No-next, gap or duplicate sequence must not offer Continue","API,UNIT,E2E"
H015-GAME-005,Gameplay,"Scores, lives and nukes persist correctly through campaign transitions","Ordinary play transition retains governed cumulative state","Restart, abort or new campaign cannot leak invalid state","UNIT,API,E2E"
H015-GAME-006,Gameplay,"Recurring asteroids and comets are visible and governed in ordinary play","Normal play proves varied direction, speed, collision, destruction and despawn","Invisible bodies, max-active breach or QA-only targeting fails","UNIT,E2E"
H015-GAME-007,Gameplay,"Levels 1 through 6 are independently configured and playable","Each level loads its pinned checksum and completes by ordinary input","Missing, duplicated fallback or hard-coded seed use fails","API,E2E"
H015-GAME-008,Gameplay,"Final campaign victory occurs only after the last pinned release entry","Ordinary completion of final entry renders victory without Continue","Premature victory or post-final Continue fails","UNIT,E2E"
H015-DES-001,Designer,"All existing CORE Levels 1 through 6 open directly in the product Designer","Authorised admin can inspect complete draft, published and release identity","Customer, anonymous or cross-owner access fails server-side","API,E2E"
H015-DES-002,Designer,"Pointer mapping is accurate at 50, 75, 100, 125 and 150 percent zoom","Real pointer drag from centre and edges saves expected canonical coordinates","Wrapper coordinates, pointer loss and out-of-bounds values fail","UNIT,COMPONENT,E2E"
H015-DES-003,Designer,"Mouse, pen and touch dragging uses pointer capture and preserves grab offset","Real browser input leaves/re-enters playfield and completes one transaction","Mouse-only handlers, centre jump or multiple undo entries fail","COMPONENT,E2E"
H015-DES-004,Designer,"Animated assets use one canonical representative preview frame","Palette, layers and inspector show governed frame and aspect ratio","Full sprite-sheet thumbnails or unexplained UI crop constants fail","UNIT,COMPONENT,E2E"
H015-DES-005,Designer,"Level metadata, canvas, grid, background, seed and player spawn are editable","Save, reload and preview prove typed values persist and execute","Invalid bounds, duplicate enabled spawn and immutable-field edits fail","API,COMPONENT,E2E"
H015-DES-006,Designer,"Entities and mixed formations expose complete governed configuration","Membership, layout, bounds, spacing, motion, timing and repeat round-trip","Invalid member, unsafe profile, overlap rule or missing field fails validation","API,COMPONENT,E2E"
H015-DES-007,Designer,"Hazards, placed hazards, shields and destructible matrices are fully editable","Every runtime field round-trips and changes exact-checksum preview","Invalid ranges, missing assets or budget overflow fail","API,COMPONENT,E2E"
H015-DES-008,Designer,"Drops, objectives, Boarding anchors, gameplay, scoring and budgets are editable","Every Level 1-6 differing value has a usable typed control or governed exception","Source-only, seed-only or UI-shadow configuration fails","API,COMPONENT,E2E"
H015-DES-009,Designer,"Draft save is immutable, refresh-safe and checksum-addressable","Material edits save a new version and survive full refresh/relogin","In-place historical mutation, stale checksum or lost edit fails","API,E2E"
H015-DES-010,Designer,"Exact-checksum preview uses the same configuration authority as runtime","Moved object, formation, composition and hazard changes appear in preview","Seed fallback, source constant or checksum mismatch fails","API,E2E"
H015-PUB-001,Publication,"Only authorised internal administrators publish CORE content","Authorised publication creates immutable version and audit record","Anonymous, customer and organisation attempts fail server-side","API,E2E"
H015-PUB-002,Publication,"Published Designer changes appear in a newly started ordinary campaign","New campaign resolves new release and visibly plays all material changes","Old seed, cached release or hard-coded runtime fallback fails","API,E2E"
H015-PUB-003,Publication,"Existing active campaigns remain pinned to their original release","Campaign created before publication continues on old checksums","Silent mutation to the new release fails","API,E2E"
H015-PUB-004,Publication,"Rollback publishes a new version derived from selected history","Restored baseline appears in a new campaign with complete audit lineage","Destructive rewrite or deletion of history fails","API,E2E"
H015-PUB-005,Publication,"Campaign publication accepts ordered gap-free campaigns of six or more entries","Six- and seven-level publications succeed and Continue follows pinned order","Gaps, duplicate/non-positive sequence or unpublished entry fails","UNIT,API,E2E"
H015-PUB-006,Publication,"Administration identifies current draft, published version and containing release","Every Level 1-6 view exposes unambiguous identities and preview status","Ambiguous, stale or ranked-preview labelling fails","API,E2E"
H015-BOARD-001,Boarding,"Board and Continue are distinct governed actions","Board enters interior; Continue resumes Shooter/campaign according to state","Either action entering the wrong scene or loop fails","UNIT,E2E"
H015-BOARD-002,Boarding,"A visible entry airlock begins a physical interior journey","Ordinary input enters at the governed entry and traverses away from it","Teleport-only entry, missing airlock or incorrect anchor fails","UNIT,E2E"
H015-BOARD-003,Boarding,"Platform combat includes movement, jump, fire, enemies, health and collisions","Ordinary input demonstrates patrol/engage, projectiles, hits and elimination","Static enemies, non-colliding shots or invulnerable states fail","UNIT,E2E"
H015-BOARD-004,Boarding,"Player and alien governed animation states are visible","Idle, move, jump/fall, fire, hit and death states use admitted metadata","Static crop, unexplained frame constants or missing required state fails","UNIT,E2E"
H015-BOARD-005,Boarding,"Visible far exit succeeds only after the interior objective","Physical arrival after completion synchronises position then completes server-side","Early exit, stale-position rejection or hidden completion fails","UNIT,API,E2E"
H015-BOARD-006,Boarding,"Pause and ESC present Resume, confirmed Abort and authorised Main Menu","Resume continues; confirmed abort returns to exact Shooter checkpoint","Immediate abort, loop, duplicate offer or state loss fails","UNIT,E2E"
H015-BOARD-007,Boarding,"Success, death and API failure have safe deterministic outcomes","Each path preserves or changes campaign resources according to contract","Double completion, stuck session or ungoverned fallback fails","UNIT,API,E2E"
H015-AUTH-001,Security,"Admin, Command Post and player surfaces enforce server-side roles and ownership","Authorised role succeeds only for owned scope","Anonymous, wrong-role and cross-organisation access fails","UNIT,API,E2E"
H015-AUTH-002,Security,"Login redirects use one same-origin internal-path validator","Valid internal next succeeds","External, protocol-relative, backslash, encoded and active-protocol forms fail","UNIT,COMPONENT,E2E"
H015-AUTH-003,Security,"Player account provides visible CSRF-protected logout","Logout clears session and returns to public route","Missing/invalid CSRF and post-logout API access fail","API,COMPONENT,E2E"
H015-AUTH-004,Security,"Django Admin remains diagnostic and is not the product authoring authority","Product administration performs all governed CORE workflows","Production/public Django Admin and product-control substitution fail","API,E2E"
H015-QUAL-001,Quality,"Formatting, lint, type checking and test commands are deterministic and enforced","Clean checkout executes documented commands successfully","Introduced violation fails CI","CI"
H015-QUAL-002,Quality,"Changed high-risk code has maintainable test seams and human-readable structure","Review confirms cohesive modules, typed contracts and decision comments","God-file growth, duplicate logic or unexplained constants fails review","UNIT,REVIEW"
H015-QUAL-003,Quality,"Coverage and test-effectiveness gates prevent assertion-free success","Thresholds pass and a controlled fault is detected by relevant tests","Empty test, removed assertion or deliberate mutation surviving fails","CI"
H015-QUAL-004,Quality,"Final exact-SHA closure is independently reproducible and fail-closed","Clean launcher, CI artifacts and closure audit agree with zero failed/pending rows","Dirty tree, provenance mismatch, manual PASS, missing artifact or injected defect fails","CI,E2E,REVIEW"
